{
  "config": {
    "height": 64,
    "width": 64,
    "num_echoes": 8,
    "epochs": 500,
    "seed": 0,
    "device": "cpu",
    "noise_sigmas": [
      1.0,
      3.0,
      6.0
    ]
  },
  "per_noise": [
    {
      "noise_sigma": 1.0,
      "pinn": {
        "mae": 2.5056159164505227,
        "rmse": 5.563163383986409,
        "mape": 2.8472682746343887,
        "time_s": 11.834584100055508
      },
      "ls": {
        "mae": 1.3104450519343414,
        "rmse": 1.8584111766565001,
        "mape": 1.8348921405640033,
        "time_s": 7.176913499948569
      }
    },
    {
      "noise_sigma": 3.0,
      "pinn": {
        "mae": 4.5909465042327255,
        "rmse": 6.880746164820214,
        "mape": 6.169980930054344,
        "time_s": 24.514073099941015
      },
      "ls": {
        "mae": 3.963872513424132,
        "rmse": 5.698450560513615,
        "mape": 5.548566910804413,
        "time_s": 34.78309000004083
      }
    },
    {
      "noise_sigma": 6.0,
      "pinn": {
        "mae": 8.018254622957476,
        "rmse": 10.839937029651894,
        "mape": 11.443276594062421,
        "time_s": 25.626444500056095
      },
      "ls": {
        "mae": 8.178039310828218,
        "rmse": 12.456691146036087,
        "mape": 11.414652371878626,
        "time_s": 12.377066200016998
      }
    }
  ]
}